doi,colour charge,cover charge,page charge,permission,reprint,submission fee,payment fee,other
10.1016/j.ympev.2025.108338,4324.4,,,,,,,
10.1051/0004-6361/202556369,1648.05,,,,,,,
10.1016/j.econlet.2025.112202,,,,,,2472.14374,,
10.2139/ssrn.6018718,,,,,,3266.8,,
10.2139/ssrn.4834010,,,,,,2238.11141414141,,
