institution	period	euro	doi	is_hybrid	publisher
gu	2020	2045.95	10.3389/fmars.2019.00709	FALSE	Frontiers
gu	2020	2264.22	10.3389/fphys.2020.573505	FALSE	Frontiers
gu	2020	1631.44	10.1513/annalsats.202004-352oc	TRUE	American Thoracic Society
gu	2020	2798.75	10.1080/0284186x.2020.1802064	TRUE	Taylor & Francis
