institution	period	euro	doi	is_hybrid	publisher
gu	2019	2544.1744	10.1136/gutjnl-2018-317571	FALSE	BMJ
gu	2019	2252.7616	10.3389/fonc.2019.00579	FALSE	Frontiers
gu	2019	2604.7792	10.1073/pnas.1909021116		National Academy of Sciences
gu	2019	2267.488	10.3389/fimmu.2019.00269	FALSE	Frontiers
