doi;colour charge;cover charge;page charge;permission;reprint;submission fee;payment fee;other
10.1109/TITS.2023.3347280;;;;;;;;1813
10.1109/TG.2024.3435339;;;;;;;;8424
10.1109/TITS.2024.3435715;;;;;;;;10982
10.1109/LGRS.2024.3431683;;;;;;;;4832
10.1109/LGRS.2024.3482091;;;;;;;;4997
10.1007/s12530-024-09635-z;;;;;;;;11025