doi,colour charge,cover charge,page charge,permission,reprint,submission fee,payment fee,other
10.1109/twc.2025.3621437,,,8260.23,,,,,
10.1109/mcsoc67473.2025.00126,,,,,,,,3803.49
10.1109/nss/mic/rtsd57106.2025.11287007,,,,,,,,3881.59
10.1109/mcsoc67473.2025.00060,,,,,,,,3899.17
10.1109/nss/mic/rtsd57106.2025.11286414,,,,,,,,3899.96
