institution	period	euro	doi	is_hybrid	publisher
slu	2019	882.93671808	10.3390/agronomy9050258	FALSE	
slu	2019	885.16393504	10.3390/agronomy9050263	FALSE	
